<?xml version="1.0"?>
<!DOCTYPE hibernate-mapping PUBLIC "-//Hibernate/Hibernate Mapping DTD 3.0//EN"
"http://hibernate.sourceforge.net/hibernate-mapping-3.0.dtd">
<!-- Generated 09/11/2007 23:25:05 by Hibernate Tools 3.2.0.beta8 -->
<hibernate-mapping>
    <class name="Abm" table="ABM" catalog="Taller3">
        <comment></comment>
        <id name="ndoc" type="int">
            <column name="ndoc" />
            <generator class="assigned" />
        </id>
        <property name="nombre" type="string">
            <column name="nombre" length="30" not-null="true">
                <comment></comment>
            </column>
        </property>
        <property name="apellido" type="string">
            <column name="apellido" length="30" not-null="true">
                <comment></comment>
            </column>
        </property>
        <property name="tpdoc" type="string">
            <column name="tpdoc" length="4" not-null="true">
                <comment></comment>
            </column>
        </property>
        <property name="edad" type="short">
            <column name="edad" not-null="true">
                <comment></comment>
            </column>
        </property>
    </class>
</hibernate-mapping>
