<?xml version="1.0" encoding="UTF-8"?>
<!DOCTYPE hibernate-reverse-engineering PUBLIC "-//Hibernate/Hibernate Reverse Engineering DTD 3.0//EN" "http://hibernate.sourceforge.net/hibernate-reverse-engineering-3.0.dtd" >

<hibernate-reverse-engineering>
	<type-mapping>
		<sql-type jdbc-type="INTEGER" hibernate-type="int"
			not-null="true">
		</sql-type>
		<sql-type jdbc-type="VARCHAR" hibernate-type="string"
			length="30" not-null="true">
		</sql-type>
		<sql-type jdbc-type="VARCHAR" hibernate-type="string"
			length="30" not-null="true">
		</sql-type>
		<sql-type jdbc-type="CHAR" hibernate-type="string" length="4"
			not-null="true">
		</sql-type>
		<sql-type jdbc-type="SMALLINT" hibernate-type="short"
			not-null="true">
		</sql-type>
	</type-mapping>
	<table-filter match-catalog="Taller3" match-name="ABM" />
<table catalog="Taller3" name="ABM" class="Abm">
	<primary-key>
		<generator class="assigned"></generator>
		<key-column name="ndoc" jdbc-type="INTEGER" property="ndoc" type="int"/>
	</primary-key>
	<column name="nombre" jdbc-type='VARCHAR' property="nombre" type="string"/>
	<column name="apellido" jdbc-type='VARCHAR' property="apellido" type="string"/>
	<column name="tpdoc" jdbc-type="CHAR" type="string" property="tpdoc"/>
	<column name="edad" jdbc-type='SMALLINT' property="edad" type="short"/>
</table>
</hibernate-reverse-engineering>